WELL_NAME,rmse_after_ps_ft
2d2d0c6b,3.038777828238768
c472c0b5,3.1278033052824084
53134831,3.9058006704006263
77b0d905,3.9763580510491856
fcfcc902,4.251256275767223
373ef48b,4.285055339936145
da940160,4.34000901901962
b95e7121,4.444242386364241
8bb9c1e6,4.5163597243710365
8b9d8326,4.580758555468014
d273674e,4.640825846392853
d40f61d5,4.795877877090983
c07fd0cd,4.83496042420485
fdfd57da,4.858933983103471
2f19d536,4.883459936999801
a9c9b150,4.900787539546813
925a7cd1,5.028549689156098
be83e781,5.1050765371967515
5fffa282,5.109792081244055
e161bd0c,5.1777662787966365
ddc790ff,5.205632313964657
43b06c70,5.320932396497589
7271dd80,5.517613066489675
62a6f539,5.534894762757076
2ee0235b,5.552211413802472
283269ac,5.6158548537243815
d217e0c5,5.653481369691272
4654e7de,5.756427870471061
6a8fa194,5.772978702665137
3d96d897,5.802106825644151
65156b96,5.840900257048658
fd710aea,5.869119360769793
09ec2ca9,5.882794584614206
d1ee630d,5.896766759836479
5cb483ac,5.909873601600105
13ce113d,5.961502243223081
a85bb86f,5.993880674334284
d60430e6,5.995441482949163
bb2cdd83,6.036839808243397
7993a768,6.120857410481616
1b82b665,6.134598551082828
13f598d9,6.153132341045449
5bd25f59,6.1927815497258285
c9e980e8,6.215717527191771
93209a3d,6.240950738761091
8cc800b3,6.255503120501325
20096916,6.256594318823852
2b06ad65,6.258461587447282
61f27424,6.26050485302188
9b5b61c1,6.274687578691578
28473855,6.274781338606107
10b89021,6.324119425627941
155887bb,6.370349632664616
18d24f7b,6.388182513629854
96ae5806,6.452584759898347
9dede370,6.482330669795978
5a5269a9,6.496051639286469
b19b0395,6.508772991240098
992c99e8,6.602572170145527
84633df4,6.6118318327627374
4cd1ac61,6.645876848600753
d07aed8f,6.703893388137943
f49fdea3,6.711031812539455
6ae68655,6.720955114582741
f0188a48,6.72525620313322
353e5502,6.743364413960871
1131525f,6.880250014346726
9c8375f7,6.901372947751988
6dbe4b60,6.914155874615269
bc4381e2,6.926318711810666
999daf80,6.943118574034888
b32e4903,6.986986991808449
27c3155b,7.080036663789176
10be2420,7.195127446752262
a3518960,7.2195537789124895
726f3dc2,7.3061546589394135
e7818f7a,7.392595405319742
9f0c7bae,7.418024554449879
f439a621,7.424828296317303
7bb17b96,7.439592561487557
7224331b,7.47355749040485
4c3168cf,7.513653075620541
ab18d3fc,7.533589556850158
5a5d1982,7.535940613287988
c1d046f4,7.5435929691091665
109d9d70,7.562387393873551
2f8e53c3,7.578939946198033
14ad5efb,7.581675210768625
a15bc102,7.626373330868562
2ab29395,7.627836389582006
5542c301,7.634075693892727
85380836,7.66038139181048
ce8399b7,7.692470283309386
481de5fc,7.711706083548821
a0383629,7.780458161367414
2e43c2ea,7.788985901798918
39b51819,7.792062599405942
e7c36e81,7.802868844060288
a0e92ed6,7.842251829760672
c6b782a4,7.891994931379796
368fe682,7.922971561830877
d50c649a,7.999022858172369
5eae34a8,8.014171099140611
ecdab904,8.029957493618303
d114d9c2,8.03228547830536
8ac2f237,8.077940693378586
9d4272e3,8.106363049769307
bd6f0e19,8.126527087100206
1b6ba517,8.145882755480693
1550491d,8.158587782046542
f40cd091,8.178590814927224
7a5660b0,8.211439190755987
3e678ea7,8.245632278307868
46a301e9,8.24741356285414
d011f41b,8.320108646708297
46dfcfca,8.326041732123125
9d3ec64c,8.385351477779036
203721ab,8.40577118877325
75cd5f11,8.415235580634558
8902c3f6,8.441126638694632
6ea22614,8.463869675465768
d9ae59b2,8.481684398907296
aed44918,8.581718408006246
e6c55748,8.593799193887493
b0f53bf4,8.602064135702365
877ed19c,8.614688471282898
14a53cb3,8.617402718969261
f6824bb0,8.622477083494259
5f6756c5,8.62924955319105
9c211c53,8.670731910625097
0c1b160c,8.671424593314692
5138a660,8.674139391643182
404c4384,8.680709194873472
000d7d20,8.742088854245198
c03d4aed,8.76057448511542
e32da4ec,8.770481343901952
fb0904bd,8.797251758066981
c47e0767,8.814331641586817
52f1e77a,8.82308364339743
46d24a09,8.84298381661448
3ef98781,8.85738707948538
27ebb9b9,8.924832045800205
5305524b,8.924964564326242
9e3e364d,8.933462457456665
4f4afcc6,8.999364035027293
2c0c4a4e,9.004564567047046
fde20ecf,9.05333904142338
b585b4fa,9.069435954015402
d6dd7330,9.080903914365914
8cc21f01,9.096443506746994
1f9afacb,9.107263720135311
25fd32b3,9.111842916739825
b7cdcecb,9.135162595640686
bd8f847e,9.14332277029242
7d50373e,9.15272941553783
bf39bc20,9.174188379001846
f9fc81aa,9.174270882881876
2cee0cba,9.241769683362486
4936af16,9.241809015296715
1beca81d,9.274222350031598
206b6193,9.318907696040457
cdc60a53,9.337858508403695
1770d7c6,9.38436584435468
7256229b,9.437174004557175
264feceb,9.451150727740217
dc7f9757,9.455154277452905
5def1ce5,9.46379310645679
dd6bc5b2,9.485513681430074
87aa3730,9.491589150964662
c50b42f6,9.524123843942922
1295a25b,9.5399911466654
044af7d1,9.60942626263581
a5e6f7dc,9.63957778472962
9def2eb2,9.659589696062923
699ea575,9.68273210254209
7e208414,9.691467511764664
125be846,9.711190845685252
463c38f2,9.733496747430022
5aa03df7,9.735235603557566
a4719920,9.746471850397546
2364716c,9.809201568395213
09441b8d,9.855983574478493
63559d57,9.867950949883726
4f4ac5ce,9.87881325886495
0955cd6c,9.890855862109897
49dbc14c,9.978073644297284
4e050c92,10.010746089060955
06df5958,10.023260028860632
38991fd4,10.025991240213854
c9e6734f,10.041308279748945
8a3da6d1,10.056301709156726
1e30dedf,10.064853037829945
347242c8,10.06991480312923
dc7da28f,10.07668750114897
69e41fa6,10.080314461512357
ff8bb73a,10.084149705358104
f03f10fe,10.094580151382717
dd7d638e,10.107671501157336
c9578d27,10.127599774826963
24d8997e,10.14439722602513
46a7190b,10.187304626708464
d9d6d94d,10.202918966425953
8d92cb49,10.213322917322943
b7974e66,10.229049135047884
beda8696,10.277067421741393
4ed93db6,10.293531018773056
0d99f8e4,10.329937915596297
46d41ff6,10.362974153302702
edf885a3,10.368385206278353
6a0ff78e,10.384292201394224
a7744f5b,10.394638259046854
261785ee,10.397067580933637
44a94013,10.397664290340675
ab94878e,10.398715039392021
0a57a29c,10.480674079078293
d41beaf2,10.53079590639543
ed6e6e54,10.53210667215355
e4726608,10.535152314036518
f8662c22,10.540149979501928
512943b2,10.568841051047597
d1457cc5,10.584143572894316
3a0af893,10.640255483473478
865033f8,10.642260761321443
fba7683c,10.644094406218935
b5aa9634,10.670896119385601
b32902c0,10.675369442717683
2d9f6cb9,10.680886083791071
cdc31d65,10.720847857789805
5beded95,10.721353861972306
3ac16ad0,10.726078180620993
d6c320d9,10.741431329579425
a2e8e7f6,10.78777514644673
5397ceb1,10.89360352514427
4fbe9c06,10.909612343279425
591cc951,10.918565148649062
ed6436d6,10.942505614945194
76201745,10.967786073634656
c03b9305,10.977138165552988
a76db406,10.989982562621394
89fdb2f2,11.031322048149294
f2d4c8c9,11.032639728453967
c84c65be,11.0795850131261
90386ee4,11.114003323361016
87695469,11.117227587780363
0bbf5e67,11.145338009509075
b8c49c1a,11.165689480344986
d0a0e7b5,11.221855811205378
2d196986,11.233938215298595
eeda36f5,11.244703808946525
c2c6fc71,11.26859762127433
811f52b3,11.274075207610577
7e721392,11.295561754916282
e748dd88,11.295723854613218
25939962,11.315204285215065
f07d7037,11.318093685106113
19fb4f7b,11.335347139944663
bcebcc5f,11.337738971002672
b38e3116,11.348301956589767
d7ba4f9d,11.350464615582089
653612bc,11.406932007813976
015fe0d2,11.434027951503483
eeed308d,11.46293446017721
a247e7cf,11.49567675924401
02e7fe5a,11.544673040789656
15e154a1,11.564668692515943
9ab94eeb,11.568739037521787
28f4eda9,11.59744055116384
9ae248be,11.610148375565528
2043abc5,11.621991840070374
98177ced,11.653644632795093
95b559e7,11.666633573920526
4f69febf,11.692558874733226
cbe51de1,11.695019666208255
14ab73fb,11.747667425699808
b56bc0aa,11.772176851991654
3a86fe8d,11.790637545745817
4c2208f5,11.799839954987416
f4d12d23,11.801799221492837
9efc812e,11.883141257168038
cb879f40,11.90236991058009
bffe3082,11.953185726890363
10a1281a,11.961761437299987
0be01c24,12.00615013374534
26623a50,12.010308890883977
7cd4bb31,12.01079148058041
febb4411,12.02172436752886
796dbd4c,12.024799355039956
466fc788,12.03620990879664
8b12bab6,12.073192369647176
d3df146b,12.131834198007656
1bcb2fcf,12.136347447108239
e14d641e,12.141120699700346
1d3fbf02,12.179989962566262
9af1ffd0,12.204688102197235
9a95e33f,12.217497927550573
197f8a5a,12.243907202388689
8a9c8932,12.263346658962188
198a5607,12.315286639371346
53f23031,12.332922118704206
6d1d74e1,12.356410406096325
d24ff243,12.363328062889853
f56d3ace,12.406907639521853
084d66f9,12.446457774138914
73348914,12.502173258654272
833af382,12.503900402144346
729f4217,12.525134067174143
516088b7,12.564710161632217
0e5e560d,12.64755645755287
5aef5c6c,12.686119508820878
05948241,12.690503882851011
3a824aa7,12.723592419101942
a4cdbb0f,12.727908896169351
0dd99dc5,12.738205571195373
dbee6c86,12.761421804435484
ea41324e,12.766730874610284
abf460d2,12.772681677114578
e3b34f5b,12.779125197519901
ab6fe95d,12.809703303613166
c6c96179,12.83178212974525
3bfee975,12.869228690842759
995ff498,12.898740290325838
cd7f1687,12.913238863823397
12f0cd90,12.928220257126384
f631da6e,12.93238579296923
2b547943,12.964219822264626
807f0298,12.966157548700755
729e9750,12.973545966152967
62569ae3,13.017434660955418
be35c8f2,13.05362015960462
df71d1ff,13.073991162912197
8050c789,13.145841236545547
ea0b99b7,13.184946373970742
ee0300f7,13.217744718791636
fc0d20b2,13.248958278248754
511e1db0,13.286197494039737
41fb0192,13.29971772373184
35b30c7f,13.302153020466422
69c1bdad,13.306916148921818
7d57c75d,13.335742752842002
a5aa7973,13.397196575330383
8b5be31b,13.398632361065578
9da441ba,13.40693431763183
ffefef30,13.441891287902472
e7d0c1de,13.467176668358888
ae069086,13.473073623115026
dc5fbe29,13.492102581067327
3a223519,13.493671139752214
729665c0,13.509579399203998
974802e7,13.515349146291634
1fdbba44,13.560836157532439
9719aa04,13.56431618826031
504c8b08,13.626585051723792
8b95d6d1,13.635622679438093
5d7198fd,13.650806579435198
96936c22,13.66463168776535
ebe69318,13.683298199128012
f8f59188,13.705727762829293
f72b268f,13.719106127255685
9ffce529,13.74342336975675
91abc4c7,13.778560082702164
fd3b4faa,13.783195793435132
764072a5,13.815478092820298
1a68190b,13.837673458609096
9896fc0b,13.84233076535862
e9949a23,13.90216220635444
3aaa2b30,13.908105795229384
2d0c268a,13.921246347186932
e46f4ef4,13.975906485248052
67a8da4a,13.997615560680188
9d072e4c,14.012358313856693
dd168de0,14.024788540808988
54a7e3c2,14.03264117306062
89f36adf,14.045247994834213
368131f9,14.046669957736368
2acc78d4,14.046901100094049
153552f5,14.047029016167187
1285a37b,14.086023518408236
7b38844c,14.130528606575691
310c71a5,14.164990763529866
2b034622,14.169038309156095
da2d4d7c,14.251164323356525
aaeffccb,14.263997594759235
71ccf778,14.355232795918024
dafc88c3,14.429102954837463
37d36812,14.440456156202236
656a067b,14.479059673482604
dd64382d,14.4826965303956
c908edd0,14.507421755678
af7a59ce,14.591902064397846
6d590e26,14.624095227653749
58fa8486,14.66467961501395
529e88ca,14.702854260959274
23b9beb0,14.724149388571217
78a4a386,14.728045176813854
3df4b19e,14.742539676282242
698930d1,14.74977398781866
96b7eea1,14.756524512212732
1fee2b62,14.869426009633216
b4d8dd4f,14.882546329190138
44441e54,14.933564005601577
4b462989,14.9379639268308
113011eb,14.974229182966532
a0b83014,15.039818390177913
fa16d114,15.073389167246017
1944513c,15.079007963852268
c593337f,15.134891145142944
b04b58a3,15.261047183616762
82fcf37c,15.3791722689325
9426ec1e,15.392455897079634
89969c7a,15.419101918523715
22c5f93f,15.45852751175354
992ce078,15.512885443187097
e149204f,15.518610104023102
ab112491,15.532233365051283
8c167025,15.612733994917702
e737965a,15.72182508665764
ccedb12b,15.744380355760777
97cd5bf9,15.771310951673835
9b9e3b49,15.790925677081372
5663b2b7,15.801539319800511
5a63b5d1,15.850445469738403
896d15b9,15.853243811033977
4caa7289,15.879093501719241
4a8ecc0b,15.891187375618205
c2c4db09,15.9068807279534
a6ed2eff,15.935585437518265
e97032ad,15.966216587788942
7cbbd047,15.990082476302463
3690a146,15.9914138812941
3932faa6,15.993581263043364
fbd68d27,16.005639749537952
aee6393a,16.031678022218987
e03b45fd,16.037473662087177
ef8e3ed0,16.079047425914528
398dce4b,16.117364546107165
48c1f673,16.127148022678675
c96c018a,16.178113834681564
efde6ac3,16.21285153601201
f16e25e3,16.279274266708583
a6f967fb,16.305107815589484
ea3a0e38,16.310672798066054
d4f60a28,16.362009178382614
7c607683,16.366459493944586
8bfa881d,16.368701793803485
fb3848a1,16.447386598156957
3ef6372a,16.61991463537806
35b3ef6a,16.658401922628777
ec0d597b,16.689199799246826
26d3a96a,16.705381745688094
3417285d,16.731621999486865
1e5e3573,16.738698129757616
9298ad5b,16.75277806350093
940a48d9,16.79479046367576
74b6186b,16.80352686401293
c99f9fae,16.859167636640006
944f36b9,16.92483511617049
1a730ac2,16.95108409448767
fae0c593,16.993882671077913
1b1c5372,17.005759892675762
521a7819,17.02839629256478
f5859199,17.042474613586737
4121c517,17.043471934942303
33c40295,17.055517983568098
861e71df,17.060174420731975
19871e7f,17.133616246977933
a783cc24,17.174232374944985
137d1e44,17.224819899509612
93f5d2e6,17.229105035148436
d463e527,17.26608454978436
a6b8ac67,17.350759969049655
57796579,17.357310763733306
177622d7,17.381891053582294
2ddad940,17.435664636709813
47ee27ab,17.45156408299452
9ad5410a,17.46366749242467
d085e611,17.46522422146019
14fee784,17.641536505543502
727a3a10,17.663203852655354
5254b6db,17.6796473041057
9a8ae0d6,17.71484846345836
ec13af42,17.723928455975354
2d35f86d,17.73134020847823
45fb3e21,17.83599378451453
b85f7b06,17.89839266469355
122bd617,17.910135833772735
5567d551,17.917912275110517
1a518997,17.967702532806616
eb06a4e7,18.02632048825742
c59b6c4a,18.056196195027454
d90aa14c,18.058584258440515
052d64df,18.067679811615267
8bda1a11,18.108586767904633
e25f1537,18.119035695998832
f08774c3,18.12898181447819
0498acab,18.20207497436184
c2717d4f,18.250387234554335
f5d8aab6,18.348224407659128
bd2c2f34,18.422765892316622
29b24409,18.50295046018368
cc08aa63,18.541700767365352
739a914f,18.543261544644174
9314ff13,18.655439386449995
2d179ded,18.669978805095806
a692b17e,18.6869192510653
01869cd4,18.712899168008274
eabc711b,18.735196282796416
29de15c8,18.752447181721795
3584a6eb,18.753532613507044
e45a2a62,18.78236989472821
201661b5,18.81484243610858
7b2c7b3c,18.843864852814512
3407f5bf,18.908831482091724
b977be4a,18.928106882476925
d84b621b,18.972765046807
65a5466a,19.00970881398098
0dc835f3,19.018312901915447
8478df29,19.020083452568514
99529c45,19.055759558485523
2ac7cb6b,19.07712552124817
eac10e86,19.102461446344808
a4f989c2,19.107480560679406
d1ecf309,19.14043012451421
75c20ec7,19.14546367234935
f021b650,19.20372047046595
ab3ced07,19.21352028733781
a7fc3e6b,19.25758407424939
940e709a,19.28483135719642
6d6d93af,19.324764735594893
fb73b13a,19.404631680683575
aff4e561,19.41437458596223
a645da9a,19.445104544036486
72dd8501,19.446817049568246
add9c322,19.452485158119746
73b1447d,19.460483239549816
eafb863e,19.461048607357007
8648abae,19.48196014407011
204cc64b,19.533042215185688
70e1788b,19.622772413549065
c9fedcf3,19.72835111186376
5f75f796,19.729345278284377
374be387,19.84172280237168
c36625df,19.900504146850572
9dfff011,19.970891955169773
d7eb0be8,20.03123819640408
3c3dbcbc,20.063345764974454
9283ae69,20.109319567600817
593876b6,20.111598207134584
1590af81,20.118805384556794
42669188,20.13255341503758
eba6605e,20.137920532224467
b1efb8a4,20.343390759198495
c70c0e01,20.35191558467634
d5df0ff5,20.414349363525513
59f8b2e8,20.434239002779073
aaaf3c03,20.457057055790923
939d9c34,20.50943494606449
eb640a35,20.52785631171332
1d78281a,20.528290106519165
4cecf7b3,20.5658070150132
6e6d122c,20.615721172142695
32fe84c9,20.6177325417306
aa95015b,20.699083951159558
cda7eb37,20.7176582720413
460f859e,20.769381343869494
4ddde4c1,20.78496713718582
47222616,20.819490568173652
efe96181,20.82035294094891
fa31da94,20.845071211710135
3a7dd95d,20.88380397135848
ac6f01d5,20.91684847456506
ae35f33a,21.119769354013776
357c12f9,21.162501110263655
6ede926a,21.163384003691295
8a89da23,21.30134284760578
633774dc,21.30527884403233
6767c111,21.31321539466063
d543916f,21.342189567878556
55efee7f,21.35990376044049
f053a1b9,21.379709308645896
84815d5a,21.488820851481226
c03fba65,21.50364738472002
70925e23,21.51542200146604
cb34231f,21.615063875550646
f8afa78a,21.886961621583303
1b08ed48,21.889599539070257
060ab2b8,21.913721841571853
3bbe1f5d,21.943729511194615
5693dde2,21.95075933510795
367456ce,21.97545792131741
5cdd8dbc,21.998924187203503
f074d277,22.01681448520253
00bbac68,22.131083277269546
1aaf1da0,22.18233823559771
95c8427f,22.20137031987327
a3f71395,22.34058160877424
0dc5e64d,22.39526166270839
bd4ae5da,22.573149994758733
a48640d9,22.768576412589194
71642c7d,23.03579977752147
43c7f85a,23.04293547764018
884ecb5f,23.07624103283011
a87433c9,23.24609849263344
12203f2a,23.40775951372024
e2fc7745,23.417701371221614
ae0784a8,23.452356448082476
82aab6d2,23.505774745310582
e5c92e59,23.531580383639533
cbb406b5,23.563527154426858
a612d5a0,23.631027443356423
272abef3,23.63132944182042
67847288,23.735488038300577
c6797dd7,23.771972343779606
01982c1d,23.803693084361015
660d9546,23.804995960925996
6e9ccd38,23.904998422797213
00e12e8b,23.91966060749794
42c538a1,24.023396230356
4630ab92,24.0364612839119
2e29e833,24.077849081882544
d00e7eb9,24.14889996255647
df8290be,24.202320353553613
ee4aecac,24.270012088294347
d924e971,24.365217603686617
60e37807,24.385956751772774
11d0f5ac,24.42717331052766
d2f3b1ab,24.43959729172913
e730c32b,24.446342164048268
54753541,24.547105686276154
be063506,24.59236379655044
e0f36d98,24.696081101397063
d0cb63ae,24.819271529097428
81fc01c6,24.848537965437764
9bd2bba3,24.877829299909347
7acda2df,24.945246762868823
da3bfe4e,25.040694263970845
77e4821c,25.1186992205138
fb03ae90,25.37585582060647
cad13e8f,25.458459721230717
5b7b6324,25.516854043222114
8995c945,25.673439209448336
9df1b1f9,25.839858002840227
577eec7c,25.944131053321417
c42fe306,26.07639023701866
a08d9e63,26.10440332909332
16e4a047,26.216477725565884
e85074c5,26.258211212406128
f140c2fa,26.41621394708328
b4f37e6e,26.54307919613069
200d233d,26.60094576116244
bb337fa0,26.73646975839564
d0a43760,26.80495601323348
20402d71,26.862488532052495
ce55ba43,26.922733685875087
c1708b88,27.122058807927527
a056d01e,27.144427326005502
493b5b31,27.211166970732158
a622ce4d,27.451123068345325
4c3df468,27.794817547245273
8d5d46d7,27.953237419323532
27300fd5,27.999450061558004
58850d2c,28.137942011036778
08fecf00,28.16008527632689
75d20a82,28.22276138061896
94467f50,28.32113828645683
bb682ebd,28.3335229389111
cc8a1d57,28.40556616131866
fef8af96,28.464432338394417
1619e2ca,28.545041506066372
8612b37f,28.559539098425947
7987f2f2,28.589743588900646
9c350a6a,28.721617481637857
647f2a41,28.903005944795304
fc03f21f,28.91363576548274
7ff89f8f,29.225844325682562
8255c867,29.227083127220457
eb934281,29.62824674125348
b37fd114,29.781271194333446
d63196fe,29.79364920032926
b7fea9ef,29.973625754609508
e0079ed1,29.986381190078497
c3957531,30.061216872388247
9d5e14d4,30.135678089027785
c43812e2,30.179229795162463
708caea9,30.236506207935626
e5ff9fd2,30.261877600450198
5aa403d0,30.581865566761262
ff0aea78,30.691947659768218
071d7b45,30.70097396100507
98bc6f66,30.805189847639458
c66be2b8,30.81278720218387
0390d174,30.891515414251277
3f603129,31.027956258166643
ef04658e,31.100799443968835
a85e4bc3,31.107501522265643
cf50c9d1,31.231843670242323
91db7070,31.347909961030407
b881d27e,31.35008404193808
2fa01aa6,31.356804624694675
fd8f77fa,31.373924557229433
543198e8,31.426986063282584
56b00794,31.48186052269343
37344c2a,31.59886724979135
2fe023be,31.74189142169652
3b21ea64,31.84527333142996
e5864244,32.045840081030626
ae8959c3,32.1647568916055
5fb1c15f,32.29391018886455
da3cf798,32.3740980807617
5a1a8fd8,32.44408682120712
ecdaf714,32.5267370461115
0849b4e2,32.7986694510117
f6bc699b,33.06881441654425
30d75030,33.332471547182685
05a0ee4d,33.43201150627042
b3388334,33.47577138425043
4463446c,33.863356169536466
684a6fc1,34.2491591647333
3e011332,34.280325300045156
4a035ec2,34.50439808291316
445af6c2,34.73234501976401
b0d42b0d,35.11439085987277
bf70b410,35.52730238858843
4a335117,35.772695471731794
19137a89,36.15500465151078
9a6b0392,36.68648427070214
2e63d9de,36.88024814025357
722cf0d8,36.941934556394834
ee288beb,37.758185356098075
2075c696,37.78867697155157
f88ddb26,39.79466234073329
09053135,40.13406068946792
8382f4b6,41.175341008415494
df73b8f3,41.88407322439639
d9eca87b,41.93505254401397
a79fd2e7,42.45991066125851
81bf5923,42.63266965941421
ad2133a8,43.125996478813924
e201fd6d,43.31281499613251
cbe62450,44.83349274276655
ba48188d,44.937431310569224
2bff06cf,44.968582700943145
2be5c96a,45.10477550516813
a959858c,45.155783043309405
fa667be2,45.408407476890304
84c3b497,46.04408396073413
028d7b28,46.05273654076689
f321a31c,46.2382638231667
173ed841,46.543981491597386
25050f63,46.81543116742749
43e16325,46.839586092939285
8f201368,46.931306971911475
4b831d20,47.12308663431863
389ae58f,47.51644163618046
94d813a4,47.55235325394396
230eaaa3,47.89960300321236
276b012a,48.14249788121521
91b301ce,48.87646099549106
03a935ae,49.88765306235253
7850c72e,50.43640868388952
4f3eb9e9,50.778638757172324
8c8348e8,51.621124104007905
79507629,52.06295671331677
f6d009f4,54.465749992740776
059c8f24,57.39728035562304
57f05c51,57.44747729757255
5d11dfb5,57.98066843314489
86454a6f,59.28739356888716
2fd68f7b,61.18416470085047
1b1eba53,61.3372071121352
c8d9680c,63.91218992815217
89f1085d,68.10357576070969
5f4d2a52,68.73798987259819
a8ed028a,96.90941466997324
